"콘텐츠ID","콘텐츠명","구군","위도","경도","장소","제목","부제목","주요장소","주소","주소 기타 ","연락처","홈페이지","교통정보","운영기간","이용요일 및 시간","이용요금","이미지URL","썸네일이미지URL","상세내용","편의시설"
"71","부산바다축제","수영구","35.151604","129.11713","부산바다축제","축제의 바다 속으로","부산하면 여름, 여름하면 부산바다축제!","부산시내 주요 해수욕장","-","-","-","http://www.bfo.or.kr","-","-","-","-","https://www.visitbusan.net/uploadImgs/files/cntnts/20191213191711585_ttiel","https://www.visitbusan.net/uploadImgs/files/cntnts/20191213191711585_thumbL","타오르는 태양, 시원한 바다, 금빛 백사장, 화려한 네온사인, 신나는 음악!이 모든 것을 한 번에 즐길 수 있는 부산의 대표 여름축제, 부산바다축제를 소개한다.부산바다축제는 해마다 여름이 되면 해운대, 광안리, 다대포, 송도, 송정해수욕장 등 부산 시내 5개의 해수욕장에서 열린다.축제는 각 해수욕장의 색깔을 담은 다양한 프로그램으로 사람들을 맞이하는데 축제의 시작을 여는 것은 해운대에서 펼쳐지는 개막파티다. 매해 새로운 모습을 추구하며 대규모 살수시설 및 버블폼, 인공 풀장을 활용한 '풀파티' 컨셉의 올 스탠딩 참여 공연으로 시작한다.개막파티를 놓친 이들이라도 매일 새롭게 열리는 참여행사를 통해 바다축제를 즐길 수 있는데, 해운대 구남로 일원에서 펼쳐지는 물의 난장 행사가 그 중 하나이다. 미니풀장과 물총을 이용한 워터 카니발 컨셉의 이 행사는 밴드공연팀, EDM 공연 및 다양한 이벤트와 함께 개최되는 프로그램이다.광안리의 밤바다를 열정적으로 즐기고 싶은 이들을 위한 디제잉의 향연도 펼쳐진다. 국내에 거주하는 외국인 DJ들이 펼치는 디제잉 경연대회는 주체할 수 없는 에너지를 맘껏 표출할 수 있는 신나는 젊음의 장이다.뜨거운 여름밤을 달구기에 춤만 한 것도 없다, 광안리 해변에서 펼쳐지는 댄스파티 현장은 보는 것만으로도 몸치에서 탈출할 수 있을 것만 같다. 국?내외 댄스 동호인들의 열정적인 스윙, 살사, 줌바 댄스를 직접 따라하다 보면 몸이 저절로 박자를 즐기고 있다.다양하고 신나는 공연은 계속 이어진다.부산 바다의 조용한 정취를 좋아하는 이들에게는 재즈 페스티벌을, 미래의 힙합 전사들에게는 광안리 힙 나잇을, 다대포 낙조의 낭만을 경험하고자 한다면 다대포 포크樂 페스티벌을 추천한다. 최고의 뮤지션들이 밤바다를 배경으로 연주하는 음악과 그들의 노랫소리는 귀를 호강시켜주기에 충분하니 말이다.그 외에도 송도해수욕장에서는 국민가수 현인을 기리는 현인가요제가, 송정해수욕장에서는 서핑체험과 함께 다양한 문화행사가 펼쳐지는 송정해변축제가 열린다.더불어 건전한 장애인 놀이문화와 다양한 스포츠행사, 레크레이션이 진행되는 장애인 한바다축제, 부산 청소년 바다축제도 열려 남녀노소, 장애인?비장애인 할 것 없이 누구나 즐길 수 있는 부산바다축제임을 보여준다.부산의 바다가 간직한 매력은 어디까지일까.밤의 풍경, 음악, 젊음, 열정.부산의 여름을 생각했을 때 떠오르는 많은 말들이 있지만 부산바다축제야말로 그 모든 것을 다 담고 있는 종합선물세트라고 할 수 있을 것이다.무엇을 생각하든 그 이상을 만날 수 있는 축제.이 축제만으로 여름의 부산을 찾을 이유는 충분하지 않을까.""**축제 취소 안내**신종 코로나바이러스(코로나19) 감염 확산 방지를 위해 부산바다축제는 취소되었음을 알려드립니다.(재개 시 별도 안내)""","장애인 한바다축제 수어통역 / (사)부산장애인총연합회 051-863-0650"
"253","수국축제","영도구","35.05602","129.08812","태종대, 태종사","태종대에서 만난 오색찬란 수국의 매력","부산 수국꽃문화축제를 가다","태종대, 태종사","부산광역시 영도구 전망로 119","-","-","-","버스 186, 30, 66, 8, 88, 101, 1006 태종대(태종대온천) 하차주차 태종대유원지 주차장 (유료)","축제 매년 6월 말 ~ 7월 초","태종대유원지 개방시간 하절기(3월~10월) 04:00~24:00 / 동절기(11월~2월) 05:00~24:00","무료","https://www.visitbusan.net/uploadImgs/files/cntnts/20191222160520749_ttiel","https://www.visitbusan.net/uploadImgs/files/cntnts/20191222160520749_thumbL","본격적인 휴가철이 시작되기 전, 초여름의 부산에서 반드시 만나야할 축제가 있다.태종대에 위치한 사찰 태종사 일대에서 매년 6월 말 ~ 7월 초에 열리는 수국꽃문화축제가 바로 그 주인공이다. 태종대의 해안절경을 만끽하며 오색찬란한 수국을 제대로 즐길 수 있는 관광코스로도 유명하다.수국꽃문화축제가 열리는 태종사로 가는 방법은 두 가지다. 태종대를 즐기며 태종사까지 걷는 도보형, 그리고 다누비열차를 이용하는 다누비형이 있다. 수국 축제를 빨리 만나고 싶다면 다누비 열차를 타고 태종사 입구에 내려 아름다운 수국꽃길 걸으며 태종사로 오르면 된다. 걷기를 좋아하는 방문자라면 산책길을 따라 태종사까지 여유롭게 걸어보는 것도 좋겠다. 상쾌한 바닷바람 맞으며 천천히 걷다보면 수국꽃 흐트러진 태종사 입구가 여행자를 반긴다.태종사의 수국들은 주지스님께서 40여 년 동안 심고 가꾸어온 것이라 한다. 스님께서는 다양한 수국 모종을 구하기 위해 세계 곳곳을 돌며 발품을 팔았다고 한다. 현재 태종사 일대 수국의 종류가 30여 종, 총 5000여 그루에 달한다고 하니 그 규모가 엄청나다. 태종사 수국의 장관을 시민들과 함께 나누고픈 스님의 바람을 담아 2006년부터 수국꽃문화축제가 시작되었다.한국의 대표적인 수국 군락지로 유명한 태종사 일대는 매년 축제 기간이 되면 수국의 향연을 즐기려는 많은 사람들로 북적인다. 여기저기 터지는 셔터소리와 조용한 웃음소리, 그리고 활짝 핀 수국이 어우러져 또 다른 광경을 선사한다. 다채로운 색을 간직한 수국은 그 색깔에 따라 꽃말도 여러 개를 가지고 있다. 분홍색은 ‘진심 & 처녀의 꿈’, 청색은 ‘냉정’, 흰색은 ‘변덕’이라고 하니 다채로운 색깔만큼이나 다양한 꽃말이 재밌다. 축제 기간 중에는 냉면을 무료로 시식하는 ‘꽃밭냉면시식회’를 비롯, ‘꽃밭포토존’, ‘꽃밭버스킹’, ‘힐링숲길 산책로체험’ 등 다양한 프로그램이 준비되어 있으므로 일정표를 꼭 확인하여 축제를 알차게 즐겨 봐도 좋을 것이다.사랑하는 사람의 손을 잡고, 시원한 여름바람 맞으며 즐기는 오색찬란한 수국꽃밭. 작은 모종을 하나 둘 심어온 정성스러운 손길. 그 손길이 시간을 만나 이루어낸 놀라운 기적을 직접 만나보자.","장애인 화장실, 장애인 주차장, 보조견 동반가능, 휠체어 대여가능, 다누비 순환열차 휠체어리프트 장착 차량 운행"
"329","센텀맥주축제","해운대구","35.172085","129.12915","센텀맥주축제","맥주를 사랑한다면 센텀맥주축제","-","센텀맥주축제","부산광역시 해운대구 센텀서로 30","-","051-850-9344","http://www.beerfestival.co.kr","도시철도 2호선 센텀시티역 6번 출구 도보 7분버스 115, 181, 307, 해운대구3-1, 해운대구3-2 KNN방송국 하차","-","매년 5월 말 ~ 6월 중순","성인 12,000원(맥주 무제한 제공)미성년자 3,000원(보호자동반 입장가능)","https://www.visitbusan.net/uploadImgs/files/cntnts/20191227114742493_ttiel","https://www.visitbusan.net/uploadImgs/files/cntnts/20191227114742493_thumbL","도심 속에서 젊음의 열기를 대방출하라!회를 더할수록 뜨거워지는 센텀맥주축제는 동서양 남녀노소 장벽 없이 모두 한마음으로 마음껏 즐길 수 있는 축제의 장이 되었다. 페이스페인팅으로 참가 분위기는 업, 생맥주 무료 시음으로 기분 또한 업.다양한 이벤트와 EDM파티는 참가한 모든 이들을 충분히 흥분의 도가니 속으로 빠져들게 한다. 그동안 쌓인 스트레스, 센텀맥주축제에서 시원하게 날려버리자.","-"
"330","금정산성축제","금정구","35.23809","129.08815","금정산성축제","문화로 노닐다 금정산성축제","-","금정산성축제","부산광역시 금정구 장전온천천로 144","-","051-512-3455","http://www.geumjeong.go.kr/festival/index.geumj?&cpath=%2Ffestival","[개막행사장]도시철도 1호선 장전역 1,2번 출구 온천천 방향 도보 이동버스 16, 29, 49, 51, 77, 80, 100, 100-1, 110, 111-1, 121, 131, 144, 301, 1008 장전역 하차","-","매년 5월 말","무료","https://www.visitbusan.net/uploadImgs/files/cntnts/20191227115551778_ttiel","https://www.visitbusan.net/uploadImgs/files/cntnts/20191227115551778_thumbL","5월은 축제의 계절, 부산 금정구에서도 금정산성의 역사와 문화를 연계한 금정산성축제를 개최한다.전국 최장 길이 금정산성과 경치 좋은 산책길 온천천 일대에서 펼쳐지는 3일간의 문화예술 체험축제이다. 녹음이 우거진 금정산성 마을에서 즐기는 역사문화여행, 호패 하나 손에 쥐고 떠나는 오감만족 체험의 세계로 방문객을 초대한다.금정구 일원에서도 신나는 거리공연과 다양한 부대행사를 진행한다.5월엔 축제 프로그램 풍성한 금정산성으로 놀러가자!","-"
"331","낙동강구포나루축제","북구","35.22585","129.00346","낙동강구포나루축제","구포나루의 추억과 낭만 낙동강구포나루축제","-","낙동강구포나루축제","부산광역시 북구 낙동대로1739번길 257 화명생태공원 선착장","-","051-309-4980~4","http://guponarufes.co.kr/","도시철도 2호선 수정역 3번 출구 화명생태공원버스 15, 59, 111, 121, 126, 1009, 북구3, 북구7, 금정구1 수정역 하차","-","매년 5월 중순","무료","https://www.visitbusan.net/uploadImgs/files/cntnts/20191227120157384_ttiel","https://www.visitbusan.net/uploadImgs/files/cntnts/20191227120157384_thumbL","싱그러운 봄, 솔솔 부는 강바람에 구포나루의 정겨운 북적거림이 실려 온다.조선시대 낙동강 뱃길의 출발지로 교역문화의 꽃을 피웠던 구포나루터. 번성했던 옛 구포나루를 그대로 재연해 당시의 감동과 향수를 선사하는 낙동강구포나루축제가 매년 화명생태공원에서 개최된다. 낙동강과 더불어 살아온 사람들의 삶, 그 진솔한 이야기를 다양한 공연과 체험?전시 프로그램에 담아낸다.강변에서 펼쳐지는 낙동강구포나루축제에서 향기로운 추억 만들기 도전해볼까?""**축제 취소 안내**신종 코로나바이러스(코로나19) 감염 확산 방지를 위해 낙동강구포나루축제는 취소되었음을 알려드립니다.(재개 시 별도 안내)""","-"
"395","부산불꽃축제","수영구","35.152725","129.11848","부산불꽃축제","아름다운 부산 밤하늘의 하모니, 부산불꽃축제","모두를 감싸주는 가을밤 불꽃과 함께","부산불꽃축제","부산 수영구 광안해변로 219","-","051-501-6051","http://www.bfo.or.kr","도시철도 2호선 광안역 5번 출구 도보 12분버스 41, 42 광안리해수욕장 하차 도보 5분주차 인근 공영주차장(유료)","-","매년 11월불꽃쇼 20:00 ~ 21:00","무료 (유료좌석 구매별도)","https://www.visitbusan.net/uploadImgs/files/cntnts/20191230180157336_ttiel","https://www.visitbusan.net/uploadImgs/files/cntnts/20191230180157336_thumbL","부산의 가을은 화려한 불빛으로 꽃핀다. 광안리 해변은 물론, 광안리 바다가 내려다보이는 곳이라면 부산 곳곳에 사람들이 모인다. 사람들의 수많은 이목이 광안리 바다와 하늘에 활짝 핀 불꽃에 하나로 모였다. 지금은 바로 부산불꽃축제의 시간이다.반짝이는 광안대교가 보이기 시작한다. 광안대교가 가까워질수록 사람들은 점점 모여들어서 점차 발 디딜 틈도 보이지 않는다. 하지만 가을밤 기분 좋을 정도로 쌀쌀한 바닷바람을 맞으며 불꽃을 기다리는 사람들의 표정은 피어날 불꽃보다도 밝은 듯하다.부산불꽃축제를 더욱 즐겁게 즐기기 위한 아이템에는 무엇이 있을까? 무엇보다 보온에 신경을 쓰는 게 좋다. 낮에는 따뜻한 날씨일지라도 가을밤바다는 바람도 많이 불고 춥기 때문에, 출발할 때는 약간 덥다고 느낄지라도 따뜻한 외투도 입고 담요도 챙기는 것이 좋다. 그리고 수많은 사람이 광안리에 모이는 만큼 한 번 자리를 잡으면 불꽃축제가 끝날 때 까지 다시 나갔다가 자리로 돌아오기 쉽지 않다. 불꽃축제와 함께 즐길 먹을거리와 마실 거리를 미리 챙기고, 화장실도 자리에 앉기 전에 미리 해결해서 난감한 경우가 생기지 않도록 하자.미리 도착해서 함께 불꽃축제를 즐길 사람들과 먹을거리를 나누며 기다리는 시간. 긴 시간 같지만 점점 많아지는 사람들을 바라보며 즐거운 축제의 분위기에 젖어 들다보면 어느새 주위는 어둑어둑해진다. 이제 불꽃의 시간이 얼마 남지 않았다.백 만 명이 넘는 사람이 함께 외치는 카운트다운 소리와 함께 드디어 불꽃축제가 시작됐다. 한 발 한 발 까만 밤하늘 위로 선을 그으며 올라가는 불꽃들이 펑! 하는 소리와 함께 큼직하게 퍼진다. 퍼지는 불꽃은 한 두 개가 아니라, 한 눈에 다 담아지지도 않을 만큼 많고 넓은 불꽃의 향연이다.광안대교 앞에 떠있는 바지선에서 먼저, 광안대교에서 한 번 더, 그리고 광안대교 뒤쪽 넓은 바다에서 또 한 번 서로를 감싸주듯 쏟아지는 불꽃의 향연에 모두가 젖어든다.부산불꽃축제는 광안리 해수욕장에서만 즐길 수 있는 것은 아니다. 부산의 다양한 곳에서 또 다른 느낌으로 즐길 수 있다. 대표적인 장소로는 마린시티, 황령산 봉수대, 달맞이고개, 청사포 등이 있다. 사실 워낙 불꽃의 규모가 크다 보니 부산의 어지간한 높은 곳에서는 다 보이긴 하지만, 거리가 멀어질수록 당연히 불꽃의 일부만 보이고 펑펑 터지는 소리와 불꽃의 시간차가 길어지기 때문에 다소 역동감은 떨어질 수 있으니 기호와 상황에 따라 적절한 장소를 선택하도록 하자.밤바다와 밤하늘, 음악과 불꽃 그리고 사람들의 함성과 부산의 야경이 함께 만들어내는 아름다운 부산 가을밤의 하모니. 바로 부산불꽃축제다.**축제 취소 안내**신종 코로나바이러스(코로나19) 감염 확산 방지를 위해 제 16회 부산불꽃축제는 취소되었음을 알려드립니다.(재개 시 별도 안내)","-"
"403","삼광사 연등축제","부산진구","35.175694","129.04338","삼광사 연등축제","오색찬란 연등터널 삼광사 연등축제","-","삼광사 연등축제","부산광역시 부산진구 초읍천로43번길 77","-","051-808-7111","http://www.samkwangsa.or.kr/","도시철도 2호선 서면역 9번 출구 영광도서 맞은편 정류장 → 마을버스 부산진구15 환승 → 삼광사 경내 하차버스 44, 54, 63, 81, 133 삼광사 입구 하차주차 삼광사 주차장(무료)","-","매년 부처님 오신 날 전후","무료","https://www.visitbusan.net/uploadImgs/files/cntnts/20191230190338310_ttiel","https://www.visitbusan.net/uploadImgs/files/cntnts/20191230190338310_thumbL","부처님 오신 날을 전후로 새벽까지 환하게 연등을 밝히는 삼광사. 수를 셀 수 없는 수 만개의 연등이 백양산 자락을 수놓는다. 부처님의 지혜로 온 세상의 어둠을 밝히는 경이로운 축제다.연등터널이 만들어진 계단을 오를수록 현실을 벗어나 환상의 세계로 점점 빠져든다. 머리 위로 쏟아지는 수많은 불빛에 눈이 부시다. 경내 뒤편 가장 꼭대기로 오르면 삼광사의 연등 물결이 장관을 이룬다. 번뇌로 가득한 어두운 마음이 환해지는 것 같다.","휠체어접근 가능"
"404","부산원도심골목길축제","중구","35.104343","129.03537","부산원도심골목길축제","골목 분위기 제대로 즐기는 부산원도심골목길축제","-","부산원도심골목길축제","부산광역시 중구, 서구, 동구, 영도구","-","051-501-6051","http://www.bfo.or.kr","40계단 : 도시철도 1호선 중앙역 11번 출구 도보 5분백년송도길 : 버스 6, 26, 30, 71, 96, 96-1 암남동주민센터 하차168계단 : 도시철도 1호선 부산역 7번 출구 도보 이동흰여울문화마을 : 버스 7, 70, 71, 508, 1006 흰여울문화마을 하차","-","매년 5월","무료","https://www.visitbusan.net/uploadImgs/files/cntnts/20191230190825680_ttiel","https://www.visitbusan.net/uploadImgs/files/cntnts/20191230190825680_thumbL","매년 5월이면 4개구 골목길과 문화예술이 만나 부산 원도심의 가치와 매력을 발산하는 부산원도심골목길축제가 찾아온다. 중구 ‘40계단’, 서구 ‘백년송도길’, 영도구 ‘흰여울문화마을’, 동구‘168계단’을 연계하여 지역별 특성과 관광명소, 다양한 프로그램과 각종 이벤트를 선보인다. 근대 부산의 부흥기를 이끈 원도심 골목길을 따라 색다른 체험하러 고고!","-"
"405","해운대모래축제","해운대구","35.158497","129.15985","해운대모래축제","모래의 변신은 예술, 해운대모래축제를 가다","-","해운대모래축제","해운대해수욕장, 해운대광장(구남로) 일원","-","051-749-4062","http://www.haeundae.go.kr/tour/index.do","도시철도 2호선 해운대역 3,5번 출구 도보 이동버스 139, 307, 1003 해운대해수욕장 하차주차 해운대해수욕장 공영주차장","-","매년 5월","무료(체험비 별도)","https://www.visitbusan.net/uploadImgs/files/cntnts/20191230191444996_ttiel","https://www.visitbusan.net/uploadImgs/files/cntnts/20191230191444996_thumbL","세계적인 작가의 모래조각 작품이 해운대 백사장 위에 펼쳐진다. 매년 새로운 전시 테마로 거대한 야외미술관을 만드는 해운대모래축제는 방문객들에게 전국 어느 해변에도 없는 색다른 경험을 선사한다.해운대 바다를 배경으로 근사한 모래작품들이 저마다의 매력을 뽐내고, 주위엔 데크를 깔아놓아 발이 모래에 빠질 걱정 없이 편안하게 이동하며 작품을 감상할 수 있다. 이외에도 샌드보드, 모래 속 보물찾기 등 다양한 체험행사와 퍼레이드 공연, 프리마켓이 운영된다.","휠체어접근 가능구간 있음"
"406","부산항축제","동구","35.117317","129.04904","부산항축제","해양에 대한 모든 것, 부산항축제","-","부산항축제","부산항국제여객터미널, 국립해양박물관 일원","-","051-501-6051","http://www.bfo.or.kr","부산항국제여객터미널도시철도 1호선 부산역 6번 출구 한국교직원공제회 앞 셔틀버스 이용버스 5-1, 1004 부산항국제여객터미널 하차국립해양박물관버스 66, 186 국립해양박물관 하차","-","매년 5월","무료","https://www.visitbusan.net/uploadImgs/files/cntnts/20191230191940029_ttiel","https://www.visitbusan.net/uploadImgs/files/cntnts/20191230191940029_thumbL","항만축제라는 새로운 컨셉의 축제로 해양?항만에 관한 모든 이야기를 함께 즐기고 배우는 체험형 축제, 부산항축제가 매년 5월 부산에서 열린다. 20여분에 걸친 개막 불꽃축제가 장관을 이룬다. 또한 해군함정이나 크루즈를 타고 부산항 투어를 즐길 수 있으며, 대형선박 공개행사, 가족과 함께 걷기, 스탬프투어, 각종 해양레저 체험 등 다양한 프로그램이 방문객들에게 폭발적인 인기를 끌고 있다.","휠체어접근 가능구간 있음"
"407","동래읍성 역사축제","동래구","35.21127","129.09091","동래읍성 역사축제","동래 언덕 위에 피어나는 역사 속 그 날, 동래읍성 역사축제","1592년 그 때로 돌아가는 타임머신, 동래읍성역사축제","동래읍성 역사축제","부산광역시 동래구 문화로 80","-","051-550-4092","-","도시철도 1호선 명륜역 2번 출구 도보 21분마을버스 동래구1-1, 동래구7 동래문화회관 하차 도보 7분","-","매년 10월","무료(일부 체험 유료)","https://www.visitbusan.net/uploadImgs/files/cntnts/20191230193142955_ttiel","https://www.visitbusan.net/uploadImgs/files/cntnts/20191230193142955_thumbL","10월은 축제의 달.부산 역시 수많은 축제가 우리를 기다리고 있지만, ‘역사’라는 명확한 테마를 가지고 20년이 훌쩍 넘게 동래의 대표 축제로 자리 잡은 ‘동래읍성 역사축제’는 청명한 가을에 만나기 딱 좋은 축제다.천여 명의 사람들이 함께 행렬을 꾸미는 ‘동래부사행차 길놀이’로 동래를 누비며 1592년 그 때로 돌아가는 타임머신, 동래읍성역사축제는 시작된다.동래읍성역사축제의 상징이라 할 수 있는 뮤지컬 ‘외로운 성’은 동래읍성 북문 앞마당에서 펼쳐지는 역사 뮤지컬이다. 1592년 임진왜란 당시 목숨을 걸고 동래읍성을 지키고자 했던 동래사람들의 모습을 생생하고 역동적인 뮤지컬로 함께할 수 있다. 비장한 모습의 배우들과 웅장한 노래는 관객으로 하여금 1592년의 동래로 돌아가 그 날의 뜨거움 속에 빠져들게 해준다.동래읍성의 야트막한 동산에서 열리는 축제 인만큼, 맑고 쾌청한 가을날 가족 나들이로 동래읍성역사축제를 찾은 사람들을 많이 만날 수 있다. 푸른 잔디와 파란 가을하늘을 배경삼아 동산에서 연을 날리는 아이들의 모습이 절로 미소를 짓게 해준다. 다양한 체험 프로그램도 빠질 수 없다. 아이들과 재미있게 역사를 배울 수 있는 체험코너가 많기에 즐거운 역사교육의 장으로 활용도가 꽤 높다.조선시대의 문화를 만날 수 있는 행사도 다양하다. 재미있는 이야기보따리를 흥겹게 풀어내는 이야기꾼 ‘전기수’를 만나보는 시간이 특색 있다. 멍석에 앉아 전기수의 말에 귀를 기울이며 울고 웃는 사람들의 모습에서 ‘아날로그 콘텐츠’를 경험하는 신기함을 느낄 수 있다.밧줄 위에서 자유롭게 뛰노는 ‘전통줄타기’도 흥미진진하다. 신나게 줄놀이 하는 어름산이를 따라 눈도 커졌다가, 입도 커졌다가, 조마조마했다가, 안도했다가, 보는 이들의 마음도 함께 널을 뛴다.머리 위로 늘어진 노란 소망등. 따뜻한 느낌의 소망터널에는 사람들의 크고 작은 소원이 가득하다. 가족과 친구의 행복을 비는 소원지가 저마다의 정성을 간직한 채 바람에 살랑거린다.흥겨운 사물놀이와 더불어 영차영차 서로를 응원하는 소리가 우렁차다. 하면 할수록 흥이 오르고 에너지가 터져 나오는 이 줄다리기의 이름은 동래세가닥줄다리기. 매년 재현되는 동래의 전통 민속놀이로, 승부를 겨루기보다는 사람들이 모두 모여 화합하는 잔치의 한마당이다.잊어서는 안 될 역사를 확실히 기억하고 널리 알리면서, 축제의 즐거움 또한 놓치지 않고 풍성하게 전해주는 동래읍성 역사축제로 가보자.""**축제 취소 안내**신종 코로나바이러스(코로나19) 감염 확산 방지를 위해 2020 동래읍성역사축제는 취소되었음을 알려드립니다.(재개 시 별도 안내)""","휠체어접근 가능구간 있음"
"411","부산자갈치축제","중구","35.096703","129.03058","부산자갈치축제","보고 듣고 맛보는 즐거움이 가득한 부산자갈치축제","오이소 보이소 사이소!","부산자갈치축제","부산광역시 중구 자갈치해안로 52","-","051-245-2594","http://jagalchimarket.kr/","도시철도 1호선 자갈치역 10번 출구 도보 6분버스27, 41, 5-1, 61 자갈치시장 하차103, 11, 134, 17, 26, 70, 8, 87, 9 남포동 하차","-","매년 10월프로그램별 상이","무료","https://www.visitbusan.net/uploadImgs/files/cntnts/20191230200521249_ttiel","https://www.visitbusan.net/uploadImgs/files/cntnts/20191230200521249_thumbL","매년 10월이 되면 부산 바다의 정기를 느낄 수 있는 축제가 열린다. 바로 부산자갈치축제가 그것! 부산 대표 수산시장 중 하나인 자갈치시장에서 약 4일간 진행되는 축제는 싱싱한 해산물과 화끈한 부산 아지매들의 정을 느낄 수 있는 바다의 향연이다.과거 자갈이 많은 지형이어서 ‘자갈치’란 이름이 붙은 자갈치시장은 부산을 넘어 한국의 대표 어시장으로 자리매김한지 오래다. 일제강점기와 한국전쟁 시기를 거쳐 생겨난 작은 노점상들이 1970년대 정비 사업을 통해 오늘날의 모습을 갖추게 됐다. 최근에는 할리우드 영화의 배경이 되기도 하면서 국내 관광객뿐만 아니라 외국인들까지 찾고 있다.부산자갈치축제는 크게 세 마당으로 나뉜다. 오이소마당에선 남녀노소 누구나 즐길 수 있는 체험이벤트가, 보이소마당에선 다양한 공연 프로그램이, 사이소마당에선 촐촐한 배를 달랠 수 있는 먹거리가 사람들을 유혹한다. 볼거리, 먹거리, 즐길거리가 실속 있게 꽉 찬 덕에 골목마다 축제를 즐기려는 사람들로 인산인해를 이룬다.오이소마당은 흥에 겨운 미소가 떠나지 않은 축제의 장이다. 특히 세계 최대 회비빔밥 만들기에 도전하는 참가자들의 표정이 의욕적이다. 해마다 조금씩 양을 늘려가며 매번 기네스에 도전한다고 한다. 꼭 기록을 갱신하겠다는 의지를 보이며 영차영차 손놀림이 바빠진다. 도전 후에는 축제에 참가한 모든 분들과 회비빔밥을 나눠 먹는다고 하니 싱싱한 자갈치의 맛을 즐기려면 줄을 잘 서야 할 것만 같다.보이소마당은 흥이 많은 한국 사람과 가장 잘 맞는 코너 일지 모른다. 자갈치 어로요 퍼포먼스가 시작되면 흥겨운 우리 가락에 맞춰 덩실덩실 몸을 들썩이게 된다. 그렇게 흥이 오른 사람들은 자갈치 효(孝) 가요제에 나가보자, 그간 갈고 닦은 솜씨를 뽐내는 무대는 긴장과 즐거움 사이의 묘한 기운을 느끼게 하는 자리다. 음악이 있고 흥이 있는 축제를 즐기다 보면 어느새 땅거미가 지고 축제는 무르익어 간다.특히 부산자갈치축제에서 먹거리는 빠질 수 없는 부분이다. 사이소마당은 신선한 해산물로 만든 다양한 요리를 맛볼 수 있는 코너다. 한쪽에 마련된 테이블에서 삼삼오오 맛있는 안주와 함께 이야기꽃을 피우는 사람들로 축제장은 밤늦도록 문전성시를 이룬다.이밖에도 스타들과 함께 하는 프로그램도 진행되는데 유명 MC, 개그맨들과 함께 자갈치시장을 둘러보기도 하고 찾아가는 경매를 치루기도 한다.""**축제 취소 안내**신종 코로나바이러스(코로나19) 감염 확산 방지를 위해 부산자갈치축제는 취소되었음을 알려드립니다.(재개 시 별도 안내)""","휠체어접근 가능"
"414","차이나타운특구 문화축제","동구","35.11431","129.03809","부산차이나타운특구 문화축제","부산에서 만나는 중국의 흥! 부산차이나타운특구 문화축제","부산 안에 살아 숨 쉬는 차이나타운의 매력","부산차이나타운특구 문화축제","부산광역시 동구 대영로243번길 43","-","051-440-4062(동구청 문화체육관광과)","http://www.bsdonggu.go.kr/tour/","도시철도 1호선 부산역 1번, 5번 출구버스 2, 26, 27, 41, 59, 67, 87, 103, 167, 520 부산역 하차주차 차이나타운 공영주차장(유료)","-","매년 10월 중순프로그램별 상이(홈페이지 참조)","무료","https://www.visitbusan.net/uploadImgs/files/cntnts/20191230202600804_ttiel","https://www.visitbusan.net/uploadImgs/files/cntnts/20191230202600804_thumbL","부산역 앞은 역사적, 지리적 배경을 바탕으로 왜관, 청관, 미군주둔기지, 외항선 등과 관련된 다양한 문화들이 존재해왔다.그중에서도 차이나타운은 우리나라에 중국의 영사관(청관)이 처음 생긴 자리와 그 주변을 중심으로 중국인들이 대거 이주한 이래 부산 최대 화교 거주지로서의 형태를 갖추게 되었다. 오랜 시간 부산역 앞을 지키며 중국 특유의 분위기와 즐비한 맛집을 형성하여 부산 시민은 물론 부산을 찾는 많은 여행자들에게도 인기 있는 장소로 사랑받고 있다.해마다 10월이면 이 곳 차이나타운에서 열리는 축제가 있다. 바로 부산차이나타운특구 문화축제. 차이나타운에 터를 잡고 살아온 중국인들의 애환을 감싸고, 한?중이 어우러지는 잔치를 표방하고자 2004년 처음 시작되었다. 해를 거듭 할수록 특색 있는 중국 문화를 경험하고픈 방문객들의 수가 늘어나면서 차이나타운 골목골목 수많은 인파들로 발 디딜 틈이 없다.차이나타운특구 문화축제에서는 다양한 문화공연과 체험 및 전시, 무대행사 등을 만나볼 수 있다.중국의 전통 의상을 입고 펼치는 무예와 무용을 만날 수 있는 화려한 거리퍼레이드를 시작으로 화교 중?고등학교에서 꾸미는 개막과 폐막의 주 무대가 이색적이다.더불어 중국 상해 예술단을 초청해 변검, 경극, 전통춤 등 생동감 넘치는 공연도 만나볼 수 있다. 신나는 공연을 보여준 예술단과 인증샷을 남기는 관객의 표정이 축제의 흥겨움을 전해준다. 아이와 함께 중국 문화를 직접 체험해보는 프로그램도 놓칠 수 없다. 전통가면 하나 만들어 쓰면 너도나도 변검마술 도전해 볼 수 있지 않을까.차이나타운의 모든 가게가 함께 하는 축제 분위기는 음식문화에서 정점을 찍는다. 차이나타운특구 내 중식당들이 맛보기 시식회를 운영하고, 각종 이벤트 경품으로 중식당 무료쿠폰도 제공되니 행운을 노려봄직하다. 맛집 많기로 유명한 차이나타운인 만큼 중국 전통음식부터 시작해 축제기간에만 만날 수 있는 주전부리들도 여행자들의 마음을 설레게 하기에 부족함이 없다.낮의 생동감이 넘치던 거리는 밤이 되면 얼굴을 바꾼다. 중국의 활기찬 야시장으로 순간이동을 한 듯 거리 곳곳은 홍등으로 물든다. 선선한 바람에 이리저리 흔들리는 붉은 꽃등 아래의 골목은 중국 영화 속에서 본 어느 거리의 한 풍경 같다.중국 문화의 다양한 볼거리, 먹거리, 즐길거리를 찾는다면 부산차이나타운특구 문화축제가 제격이다. 높아지는 가을 하늘 만끽하며 홍등과 함께하는 이국적인 정취를 찾아 차이나타운으로 향한다.""**축제 취소 안내**신종 코로나바이러스(코로나19) 감염 확산 방지를 위해 차이나타운특구 문화축제는 취소되었음을 알려드립니다.(재개 시 별도 안내)""","장애인 주차구역, 휠체어접근 가능"
"427","부산바다미술제","사하구","35.04648","128.96263","부산바다미술제","다대포 바다를 물들이는 예술의 향기, 부산바다미술제","바다와 노을 그리고 예술이 하나로","부산바다미술제","부산광역시 사하구 몰운대1길 14","-","051-503-6111","http://www.busanbiennale.org/","도시철도 1호선 다대포해수욕장역 2번, 4번 출구버스 3, 338, 96-1, 1000, 사하구3-1, 사하구5 다대포해수욕장역 하차주차 다대포해수욕장 공영주차장(유료)","-","매년 10월 10:00~19:00","무료","https://www.visitbusan.net/uploadImgs/files/cntnts/20191231095147364_ttiel","https://www.visitbusan.net/uploadImgs/files/cntnts/20191231095147364_thumbL","자연 그대로의 바다를 간직한 다대포 해수욕장. 그리고 그 바다 속에 마치 자연의 일부처럼 스며들어있는 예술전시물들. 자연과 사람의 조화를 이미지로 보여준다면 바로 부산바다미술제의 사진들이 아닐까? 광활한 다대포 바다를 물들이는 예술의 향기 속에 빠져보자.가까이 느껴지는 바다내음을 따라, 푸르른 녹음이 잔잔한 다대포 해변공원을 걷다보면 두 눈에 다 담기지 않을 정도로 넓은 다대포 해수욕장이 모습을 드러내고, 나무에 대롱대롱 매달린 조형물을 보며 드디어 부산바다미술제가 시작됐구나! 느낄 수 있다.모래사장에 우두커니 서있는 사람 모양의 조형물, 묵묵히 바다를 마주한 채 무엇을 기다리는 것일까. 계단 형태로 움푹 파여 있는 공간 속에 쌓여있는 모래성은 마치 관람객이 들어와 주길 기다리는 것 같다.수없이 많은 대나무 기둥이 곧게 뻗어 있다. 기둥 사이를 거닐다 바람에 실려 오는 구슬픈 소리에 저절로 귀를 기울이게 된다. 해변 끝에 외로이 파도와 마주하는 작은 오두막, 저기 누우면 규칙적인 파도소리 자장가 삼아 세상 시름 다 잊고 잠들 수 있을 것 같다.모래사장을 돗단배처럼 보이게 하는 세모난 깃발에는 거북이와 물고기, 고래 등 바다생물이 그려져 있다. 잘 지내고 있냐며 해양생물들의 안부를 묻는 것도 같다. 전시물 사이사이 자리를 잡고 모래놀이를 하기도 하고, 작품을 배경으로 사진을 찍기도 하며 보내는 시간이 즐겁다. 저마다 분주한 사람들은 넘실거리는 파도와 바닷바람, 미술작품과 자연스레 어우러진다. 오직 바다미술제에서만 가질 수 있는 색다른 풍경이다.모든 분야가 그렇지만 더욱이 예술은 아는 만큼 보이는 법이다. 설치된 작품을 감상하다보면 작가들의 상상력이 어떤 형태로 표출되었는지 궁금해진다. 현장토크 시간에 참여 작가와의 대화가 진행된다고 하니 작품에 관한 다채로운 시각을 알아보는 것도 좋겠다. 또한, 그저 관람에 그치지 않고 직접 참여할 수 있는 체험 프로그램도 다채롭다. 예술의 다양성을 배우는 즐거운 과정을 경험하며 멋진 추억을 만들어보자.아름다운 노을에 드넓은 다대포 해수욕장이 물들고, 그 노을에 예술품들도 함께 젖어들며 또 다른 모습을 보여준다. 자연과 사람, 그리고 예술이 하나가 되는 평온한 시간이 흘러간다.**2020 부산비엔날레 관람안내기간: 2020. 9. 5 ~ 11. 82020부산비엔날레는 부산시의 국공립시설 운영 재개 조치 결정에 따라 9월 30일(수) 부터 부산현대미술관과 영도, 원도심 일원의 전시장을 정부 방역지침을 준수하여 오픈합니다. 온라인 사전예매 후 현장매표소에서 티켓 수령하시길 바랍니다. (상세내용 홈페이지 참조).2020부산비엔날레 폐막일인 11월 8일까지 전시장 관람이 가능해짐에 따라 현장 관람가능","장애인 화장실, 장애인 주차구역, 휠체어접근 가능, 저상버스 접근가능(11번)"
"440","해운대빛축제","해운대구","35.15849","129.15987","해운대빛축제","해운대 밤바다를 낭만으로 물들이는 해운대빛축제","바다를 가득 채운 불빛 속으로","해운대빛축제","부산광역시 해운대구 해운대해변로 264","-","051-749-4061~4","http://www.haeundae.go.kr","도시철도 해운대역 5번 출구 도보 8분버스 139, 307 해운대해수욕장 하차 도보 2분","-","2021. 02. 15. ~ 2021. 3. 28.(점등시간 : 18:30 ~ 22:00)※ 코로나19 상황에 따라 운영 여부 및 시간은 변경될 수 있음.","무료","https://www.visitbusan.net/uploadImgs/files/cntnts/20191231112440678_ttiel","https://www.visitbusan.net/uploadImgs/files/cntnts/20191231112440678_thumbL","추운 겨울의 밤거리를 낭만적인 불빛으로 물들이는 빛 축제는 차가운 겨울공기마저 따뜻하게 데워주는 듯하다. 해운대 밤바다를 아름다운 빛의 바다로 가득 채우는 ‘해운대빛축제’의 낭만 속으로 떠나본다.해운대해수욕장과 구남로 광장의 겨울을 화사한 불빛으로 물들이는 해운대빛축제. 광장의 양 옆을 밝혀주는 건물의 불빛들 가운데 일렬로 늘어선 반짝반짝 빛나는 빛의 문이 먼저 시선을 사로잡는다. 은빛 테두리에 노란색 조명이 채워진 가운데, 사람들이 손 글씨로 쓴 메시지들이 눈길을 끈다.바다를 향해 길게 뻗은 빛의 문들이 보랏빛과 황금빛으로 빛나고 있다. 문 사이로 광장을 가득 메운 사람들이 저마다의 아름다운 겨울밤을 사진 속에 담아두고 있다. 빛나는 아치형 문 하나하나가 가진 응원의 메시지는 반짝이는 불빛의 아름다움만큼이나 여행자의 마음을 환하게 밝혀주는 듯하다. 글귀만큼이나 사랑스러운 가족의 모습이 모두를 미소 짓게 만들어준다.빛의 문을 지나자 크리스마스에 빼놓을 수 없는 빨간 썰매와 황금빛 루돌프, 그리고 하얀 눈사람이 밝은 미소로 우리를 반긴다. 빨갛게 빛나는 썰매에 올라타면 금방이라도 루돌프가 까만 밤하늘 위로 우리를 태우고 날아오를 것만 같다.광장의 끝에는 거대한 크리스마스트리가 그 화사함을 빛내고 있다. 한 눈에 다 들어오지도 않을 만큼 큼직한 트리다. 하늘거리는 푸른 면사포를 쓴 듯한 초록의 트리 아래 서면 누구나 행복해지는 마법의 트리 같기도 하다. 조금 더 뒤에 서있는 또 하나의 트리, 노란불빛과 함께 파란색 띠와 하늘색 눈꽃을 두르고 구남로 광장을 따뜻하게 내려 보고 있다. 특이하게도 트리 밑이 뚫려있어서 트리 아래로 지나다닐 수 있는 이색 트리다.사람들이 쏘아 올리는 작은 폭죽 소리에 고개를 돌려본다. 모래사장 한편에 온통 푸른 빛깔 파도가 넘실넘실 춤을 추고 있다. 일렁이는 파도 사이에 우뚝 솟아 은색으로 빛나는 빛의 성이 아름답게 펼쳐져 있다. 빨갛고 커다란 선물 상자 속엔 크리스마스의 염원이 가득 들어 있겠지, 눈송이가 소복이 내려앉은 듯 빛나는 꽃을 피운 나무도 사람들의 발길을 멈추게 한다. 푸르게 빛나는 바다 속 반짝이는 성과 활짝 핀 꽃나무가 여행자 모두를 동화 속 주인공으로 만들어준다.까맣게 반짝이는 해운대 밤바다가 빛의 바다를 더욱 빛나게 만들어준다. 거리를 밝게 비추는 조명만큼이나 반짝반짝 빛나는 사람들의 미소 덕분에 겨울밤 해운대빛축제가 한층 더 화사해진다.**제6회 해운대 빛축제 안내코로나 19로 인해 잠정연기 되었음을 알려드립니다.","장애인 화장실, 장애인 주차구역, 휠체어접근 가능, 저상버스 접근가능, 휠체어 대여, 시각장애인 편의서비스"
"441","기장미역다시마축제","기장군","35.271782","129.2447","기장미역다시마축제","기장 봄바다의 맛 기장미역다시마축제","-","-","부산광역시 기장군 일광면 이동길 43","-","051-709-4000","http://www.gijang.go.kr/tour/index.gijang","동해선 일광역 1번 출구 → 버스 188, 180, 기장군3, 기장군8-1 환승 → 이동 정류장 하차축제 셔틀버스 일광역 ~ 축제장 입구(10:00 ~ 17:00)주차 축제장 주차장","-","매년 4월프로그램별 상이(홈페이지 참조)","무료","https://www.visitbusan.net/uploadImgs/files/cntnts/20191231114635471_ttiel","https://www.visitbusan.net/uploadImgs/files/cntnts/20191231114635471_thumbL","기장 앞바다의 봄은 수확의 계절이다. 띄워 놓은 부표아래 줄줄이 자라난 미역을 채취하느라 일 년 중 가장 바쁜 시기를 보내는 기장 이동항에 기장미역다시마축제가 함께 한다. 상품의 품질에 따라 다양한 가격대의 미역과 다시마를 저렴한 가격에 구매할 수 있다. 볼거리, 먹거리 천국에 미역?다시마 생초 수확체험이 인기다. 점심시간에는 해초비빔밥이 무료로 제공된다.명품 수산물 기장미역?다시마 득템하러 얼른 가보자!**축제 연기 안내**신종 코로나바이러스(코로나19) 감염 확산 방지를 위해 기장 미역 다시마 축제는 연기되었음을 알려드립니다.(재개 시 별도 안내)","휠체어접근 가능"
"442","광안리어방축제","수영구","35.153156","129.11893","광안리어방축제","어방이 궁금해? 궁금하면 광안리어방축제","-","광안리어방축제","부산광역시 수영구 광안해변로 219","-","051-610-4062","http://www.suyeong.go.kr/eobang","도시철도 2호선 광안역 5번 출구 도보 13분버스 41, 42 광안리해수욕장 하차시티투어버스 부산역(레드라인) → 광안리해수욕장 하차","-","매년 4월","무료","https://www.visitbusan.net/uploadImgs/files/cntnts/20191231174925322_ttiel","https://www.visitbusan.net/uploadImgs/files/cntnts/20191231174925322_thumbL","매년 4월, 옛날 어업협동체 ‘어방(漁坊)’의 전통을 이어가는 광안리어방축제가 광안대교를 배경으로 그 화려한 막을 연다. 수천의 관중이 지켜보는 가운데 경상좌수사 행렬이 축제의 개막을 알리고, 고기잡이 나가는 어부들의 놀이판 좌수영어방놀이가 흥을 돋운다. 멋들어지게 재건한 수영성 주위로 늠름한 수문장들의 교대식을 구경하려는 사람들이 모여든다. 맨손으로 활어잡기에 성공한 참가자의 환한 얼굴에서선 축제의 즐거움이 고스란히 전해진다.**축제 취소 안내**신종 코로나바이러스(코로나19) 감염 확산 방지를 위해 광안리어방축제는 연기되었음을 알려드립니다.","휠체어접근 가능. 장애인 화장실"
"443","기장멸치축제","기장군","35.223377","129.23056","기장멸치축제","기장멸치의 변신은 무죄 기장멸치축제","-","기장멸치축제","부산광역시 기장군 기장읍 대변항 일원","-","051-709-4502","http://www.gijang.go.kr/tour/index.gijang","도시철도 2호선 해운대역 7번 출구 → 버스 181 환승 → 대변항입구 하차","-","매년 4월","무료","https://www.visitbusan.net/uploadImgs/files/cntnts/20191231175726016_ttiel","https://www.visitbusan.net/uploadImgs/files/cntnts/20191231175726016_thumbL","풍요로운 기장 앞바다의 맛을 맘껏 즐기려면? 기장멸치의 신선함을 있는 그대로 보여주는 기장멸치축제로 가면 된다.봄이 되면 오동통통 살이 올라 씹는 맛이 일품인 기장멸치를 새콤달콤 입맛 돋우는 회무침으로도, 튀김옷 얇게 입힌 고소한 튀김으로도, 된장과 시래기 넣고 끓인 구수한 찌개로도 맛 볼 수 있다. 기장멸치축제의 인기 프로그램 맨손활어잡기 도전도 하고 공연의 압권인 플라잉보드 쇼도 보며 시간 가는 줄 모른다. 깜짝 경매에 참가해 기장멸치를 저렴한 가격으로 구입할 수도 있다.**축제 연기 안내**신종 코로나바이러스(코로나19) 감염 확산 방지를 위해 기장 멸치 축제는 연기되었음을 알려드립니다.(재개 시 별도 안내)","휠체어접근 가능"
"449","크리스마스트리문화축제","중구","35.09927","129.03131","부산크리스마스트리문화축제","크리스마스트리의 향연, 부산크리스마스트리문화축제","겨울에 만난 특별한 불빛","부산크리스마스트리문화축제","부산광역시 중구 광복로 58-2","-","051-243-3927","-","도시철도 1호선 남포역 3번 출구, 도보 약 4분버스 5-1, 6, 7, 9, 11, 17, 26, 41, 71, 113 1003(급행) 남포동극장가 하차, 도보 약 10분버스 15, 40, 81, 126, 135, 186, 58-1 국제시장 하차, 도보 약 10분","-","매년 12월 ~ 1월","무료","https://www.visitbusan.net/uploadImgs/files/cntnts/20191231183718043_ttiel","https://www.visitbusan.net/uploadImgs/files/cntnts/20191231183718043_thumbL","다양한 크기와 모양을 가진 트리가 광복로를 화려하게 수놓는 부산크리스마스트리축제. 매일밤 아름다운 노래와 화려한 공연으로 추운 겨울밤을 따뜻하게 물들이는 성대한 축제를 즐기러 남포동으로 간다.빛으로 물든 큰 키의 고깔들이 광복로 입구에 서 있다. 파란 빛과 은색 빛 그리고 붉은 빛으로 빛나는 고깔 위에는 빨간 꽃모양의 조명이 피어있다. 시간에 따라 반짝이며 붉은 띠가 둘러지기도, 고깔 안에 꽃모양의 조명이 피어나기도 한다. 고깔 앞에 옹기종기 모여 있는 사람들의 표정이 난로 주위에 모인 사람들처럼 따뜻해 보인다.광복로를 따라 양쪽으로 늘어선 가로수들도 빛의 옷을 둘러 입었다. 조명을 두른 나뭇가지에 살포시 예쁜 꽃들이 앉았다. 눈부신 조명을 밝힌 사슴이 그 불빛에 매료된 듯 가만히 바라보고 있다. 너도 예쁘고, 나도 예쁘고, 빛을 발하는 모든 것이 예뻐 자꾸 카메라에 담고 싶어진다. 황금빛 나무와 사슴, 그리고 뒤로 보이는 초록빛 메인 트리가 환상의 숲에 온 듯한 풍경을 만들어낸다. 거리는 온통 크리스마스의 향연이다.거리를 가득 메운 사람들의 머리 위로 빛의 향연이 지그재그 펼쳐진다. 푸른 하늘을 배경으로 은빛 날갯짓하며 날아오르는 새, 그 사이를 비추고 있는 하얀 눈꽃, 그리고 하늘에 매달린 트리를 보면 감탄사가 절로 새어나온다. 길을 지나는 사람이라면 모두 한 번 쯤은 고개를 들어 까만 하늘을 배경으로 푸르게 빛나고 있는 아름다운 풍경에 푹 빠지게 될 것이다.따뜻한 노란 불빛이 하늘을 감싸고 있는 거리를 지나다 바로 멈춰 선다. 광복로 한 가운데를 밝히고 있는 크리스마스트리축제의 메인 트리를 만났기 때문이다. 챙이 넓은 모자를 쓴 듯 반짝이는 별을 중심으로 황금빛 조명이 아름답게 드리운다. 행복하게 미소 짓는 가족의 모습이 트리의 조명과 어우러져 한층 빛나는 거리가 되었다. 여기저기 플래시가 터지고 남포동의 밤하늘 위로 사람들의 웃음소리가 퍼져 나간다.광장 중앙 메인무대에서는 크리스마스트리축제를 축하하는 공연이 한창이다. 저마다의 색깔로 거리를 채워주는 노래 소리에 들썩들썩 흥이 넘쳐난다. 다양하고 화려한 트리조명과 문화공연이 남포동 일대를 가득 채워나간다. 겨울 도심의 거리가 더욱 포근하게 느껴지는 순간이다.차가운 겨울 거리를 따뜻하게 채워주는 불빛들과 사람들의 미소, 음악이 흐르는 크리스마스트리문화축제에서 따뜻한 겨울을 만날 수 있다.**제 12회 부산크리스마스트리문화축제 안내코로나 19로 인해 잠정연기 되었음을 알려드립니다.","휠체어접근 가능"
"470","부산국제록페스티벌","사상구","35.168747","128.97238","부산국제록페스티벌","음악에 적셔진 한 여름 밤의 열정! 부산국제록페스티벌","한 여름 밤의 음악축제는 밤이 깊어가도 끝날 줄을 모르고.","부산국제록페스티벌","부산광역시 사상구 삼락동 686","-","051-507-9716","https://busanrockfestival.com/","부산김해경전철 괘법 르네시? 역 1번 출구 도보 16분버스 123, 126 삼락생태공원 하차 도보 7분","매년 7월","-","8일 권 88,000원 / 1일 권 66,000원 (2019년 기준)","https://www.visitbusan.net/uploadImgs/files/cntnts/20200101144107429_ttiel","https://www.visitbusan.net/uploadImgs/files/cntnts/20200101144107429_thumbL","불볕더위가 기승을 부리는 부산의 한여름, 한산하고 드넓은 삼락생태공원에 하나 둘 사람들이 모여들기 시작한다. 어느새 공원 한쪽에 마련된 웅장한 무대 앞은 구름같이 몰려든 관객들로 들썩인다. 이윽고 온몸을 울리는 비트와 강렬한 사운드, 가슴 속을 뻥 뚫리게 만드는 보컬의 시원한 노랫소리가 넓디넓은 공원을 후끈 달아오르게 한다. 밴드가 연주하는 리듬에 하나 된 사람들이 발을 맞춰 뛰는 소리가 또 하나의 악기가 돼 분위기는 절정을 향해 간다. 무더운 7월, 음악으로 온몸을 적시는 부산국제록페스티벌의 한 장면이다.2000년 시작된 부산국제록페스티벌은 우리나라에서 가장 오래된 록 음악축제로 자리 잡았다. 축제 기간 중에는 부산을 비롯한 전국의 인디밴드들과 국내외 최정상 밴드들이 대거 참여한다. 그렇다 보니 국내외 록 마니아들이 1년 내내 이 축제를 기다릴 정도다. 넓고 푸른 잔디가 펼쳐진 삼락생태공원 페스티벌 장으로 들어서면 흥에 겨운 이틀간의 음악 여행이 시작된다.빼곡한 사람들 사이 높이 솟아있는 깃발을 중심으로 서로 몸을 부딪치며 흥을 발산하는 사람들이 보인다. 최애 뮤지션에 대한 팬들의 애정표현조차 록스럽다고 해야 할까. 부산국제록페스티벌에서만 느낄 수 있는 엄청난 에너지 속에서 지루한 일상은 어느새 머릿속에서 완전히 사라진다.하지만 본격 페스티벌의 시작은 아직 이르다. 제대로 된 축제를 즐기기 위해선 일단 배를 채워야 하는 게 순서. 길게 늘어선 음식 부스 안에는 시각과 후각을 동시에 자극하는 먹음직스러운 요리가 손님을 기다리고 있다. 거기에 시원한 갈증을 풀어 줄 맥주 한잔 곁들이면 페스티벌과 더 없이 좋은 궁합이 된다.다음으로 할 일은 잔디밭에 돗자리를 깔아 나만의 VIP석을 만드는 일이다. 여기까지 일이 마무리 됐다면 이제 음악 속에 빠져들 준비가 모두 끝난 셈이다. 감미로운 선율의 록발라드가 나오는 순서에는 여유롭게 잔디밭에 누워 공연을 즐기고, 피를 끓게 만드는 에너지 넘치는 밴드가 나오면 자리를 박차고 나가 사람들과 함께 방방 뛰며 온 몸 가득 뜨거운 에너지를 발산하면 된다. 어느새 길었던 여름날의 해가 떨어지고, 어둠이 찾아오자 페스티벌은 하이라이트를 향해 달려간다. 화려한 조명과 폭죽이 음악과 버무려져 환상적인 장면을 연출한다. 무대 앞 공간까지 빼곡히 채운 사람들이 흔드는 손이 마치 일렁이는 파도처럼 보인다. 그리고 터지는 함성과 ‘떼창.’ 이렇게 뮤지션과 관객들이 함께 만들어가는 한 여름 밤 축제는 밤이 깊어가도 끝날 줄 모른다.** 2020년 9~10월 중 개최 예정이었던 2020 부산국제록페스티벌이코로나바이러스감염증-19의 감염 예방 및 확산 방지를 위해?취소되었음을 알려드립니다.","장애인 화장실, 장애인 주차구역, 휠체어접근 가능"
"496","낙동강유채꽃축제","강서구","35.1993","128.97278","부산낙동강유채꽃축제","샛노란 봄날의 유혹, 부산낙동강유채꽃축제","-","강서구 대저생태공원","부산광역시 강서구 대저생태공원","-","051-501-6051","http://www.bfo.or.kr/","도시철도 3호선 강서구청역 하차 1번 출구 도보 약 10분버스 123, 124, 127, 128-1, 307 신덕마을 하차주차 대저생태공원 주차장","-","매년 4월","무료(일부 유료)","https://www.visitbusan.net/uploadImgs/files/cntnts/20200102112319128_ttiel","https://www.visitbusan.net/uploadImgs/files/cntnts/20200102112319128_thumbL","유채꽃 향기 가득한 대저생태공원, 부산낙동강유채꽃축제와 함께 유채꽃 힐링을 찾아 떠나온 사람들로 공원이 북적인다.유채의 노란 물결과 사람들이 어우러져 만드는 풍경이 아름답다. 바람이 불면 힘차게 돌아가는 바람개비가 시선을 사로잡는다. 촬영테마를 미리 정해 온 소녀들의 귀여운 모습에 절로 미소가 피어오른다.해가 진 후 즐기는 야간의 유채는 이색적이다. 밝은 조명 아래 노란 유채꽃이 더욱 풍성해 보인다.**2021년 축제 안내**신종 코로나바이러스(코로나19) 감염 확산 방지를 위해 낙동강유채꽃축제는 비대면·온라인으로 개최됩니다.축제기간: 2021. 4.1.(목) ~ 30.(금)","장애인 주차구역, 장애인 화장실, 휠체어접근 가능, 휠체어대여 가능"
"497","대저토마토축제","강서구","35.20922","128.97174","대저토마토축제","명품 토마토를 사수하라! 대저토마토축제","-","강서체육공원","부산광역시 강서구 체육공원로 43(강서체육공원)","-","051-970-4812","http://www.bsgangseo.go.kr/visit/main.do","도시철도 3호선 체육공원역 1번 출구 도보 13분버스 307, 1009, 강서구11, 강서구13 강서체육공원복지회관 하차주차 강서체육공원 주차장","-","매년 4월","무료","https://www.visitbusan.net/uploadImgs/files/cntnts/20200102115239175_ttiel","https://www.visitbusan.net/uploadImgs/files/cntnts/20200102115239175_thumbL","4월이 되면 화려한 개막식과 함께 대저토마토축제가 찾아온다. 몸에 좋고 맛도 좋은 대저토마토를 맘껏 즐길 수 있는 축제다.대저토마토를 이용한 다양한 음식 전시는 물론 무료시식 행사도 진행한다. 축제장을 찾은 사람들은 짭짤이토마토를 맛보기 위해 기꺼이 줄을 선다.대저토마토 직판장 역시 축제 인기 부스다. 저렴한 가격에 명품토마토를 사수하기 위한 경쟁이 만만치 않다.**축제 취소 안내**신종 코로나바이러스(코로나19) 감염 확산 방지를 위해 대저 토마토 축제는 취소되었음을 알려드립니다.(재개 시 별도 안내)","장애인 주차구역, 장애인 화장실, 휠체어접근 가능"
"498","아디다스마이런부산","해운대구","35.169155","129.13339","아디다스마이런부산","러너들의 최애 코스 아디다스마이런부산","-","해운대구","부산광역시 해운대구 APEC로 55(벡스코)","-","1661-0527","-","도시철도 2호선 센텀시티역 1번 출구 도보 6분버스 115, 141, 155, 181, 39, 40, 5-1, 63, 1001, 1002 센텀시티역 벡스코 하차주차 벡스코 주차장(유료)","매년 4월","-","참가비 40,000원(2019년 기준)","https://www.visitbusan.net/uploadImgs/files/cntnts/20200102115820473_ttiel","https://www.visitbusan.net/uploadImgs/files/cntnts/20200102115820473_thumbL","4월은 전국의 러너들이 부산으로 집결하는 계절, 바로 아디다스마이런부산 마라톤에 참가하기 위해서다. 광안대교 위를 달리는 꿈의 코스로 매년 조기 마감되는 인기코스다.8K, 10K를 시간 내에 완주하려면 초반부, 후반부는 무조건 열심히 달려야 한다. 광안대교 위에서 인생샷을 찍어야하기에 정체 구간이 발생하기 때문이다.결승점이 보이는 순간 고통은 사라지고 성취감이 가득 차오른다. 완주 메달의 감동은 에너지를 충전하는 소중한 기억으로 남는다.4월은 전국의 러너들이 부산으로 집결하는 계절, 바로 아디다스마이런부산 마라톤에 참가하기 위해서다. 광안대교 위를 달리는 꿈의 코스로 매년 조기 마감되는 인기코스다.28K, 10K를 시간 내에 완주하려면 초반부, 후반부는 무조건 열심히 달려야 한다. 광안대교 위에서 인생샷을 찍어야하기에 정체 구간이 발생하기 때문이다.결승점이 보이는 순간 고통은 사라지고 성취감이 가득 차오른다. 완주 메달의 감동은 에너지를 충전하는 소중한 기억으로 남는다.","-"
"499","삼락벚꽃축제","사상구","35.169815","128.9716","삼락벚꽃축제","몽환의 순간을 담다. 삼락벚꽃축제","-","삼락생태공원","부산광역시 사상구 삼락생태공원 일원","-","051-310-3002","http://www.sasang.go.kr/","도시철도 경전철 궤법르네시떼 1번 출구 도보 16분버스 123,126,138-1 삼락생태공원 하차주차 삼락생태공원 주차장","-","매년 3월","-","https://www.visitbusan.net/uploadImgs/files/cntnts/20200102120811862_ttiel","https://www.visitbusan.net/uploadImgs/files/cntnts/20200102120811862_thumbL","만개한 벚꽃이 12킬로미터의 터널을 만들어주는 삼락벚꽃축제가 한창이다.눈부시게 쏟아지는 봄 햇살 사이로 꽃망울을 터트리며 몽환의 세계를 선사하는 아름다운 곳, 활짝 핀 연분홍의 벚꽃이 다른 세상에 데려다 놓은 듯하다.찰나의 화려함을 간직한 벚꽃이기에 꽃송이 하나하나가 더욱 소중하다. 제방을 따라 또 다른 봄꽃 샛노란 개나리가 벚꽃의 아쉬움을 위로한다.흐드러진 벚꽃터널, 그 아래 느린 산책만으로 힐링을 선물 받는다.""**축제 취소 안내**신종 코로나바이러스(코로나19) 감염 확산 방지를 위해 삼락 벚꽃 축제는 취소되었음을 알려드립니다.(재개 시 별도 안내)""","장애인 주차구역, 장애인 화장실, 휠체어접근 가능"
"500","사상강변축제","사상구","35.168854","128.97198","사상강변축제","사상강변축제","-","삼락생태공원","부산광역시 사상구 삼락생태공원 럭비구장 일원","-","051-310-4064","http://www.sasang.go.kr/","도시철도 경전철 궤법르네시떼 1번 출구 도보 16분버스 123,126,138-1 삼락생태공원 하차주차 삼락생태공원 주차장","-","매년 3월","무료","https://www.visitbusan.net/uploadImgs/files/cntnts/20200102124932671_ttiel","https://www.visitbusan.net/uploadImgs/files/cntnts/20200102124932671_thumbL","낙동제방 벚꽃과 더불어 열정 가득한 사상강변축제가 매년 3월 개최된다.푸른 낙동강변 천혜의 자연환경을 가진 삼락생태공원에서 펼쳐지는 문화의 향연이다. 축제의 주요 행사가 열리는 메인무대 앞, 좌석을 가득 메운 사람들로 사상강변축제의 인기를 새삼 실감한다.먹거리 부스와 체험 부스에는 이미 줄이 늘어선지 오래, 맛난 음식으로 배를 든든히 채운 후에 너도나도 체험 삼매경에 빠져든다. 무대에서 펼쳐지는 다양한 공연 즐기며 눈과 귀도 덩달아 즐거워진다.""**축제 연기 안내**신종 코로나바이러스(코로나19) 감염 확산 방지를 위해 사상강변축제는 연기되었음을 알려드립니다.(재개 시 별도 안내)""","장애인 주차구역, 장애인 화장실, 휠체어접근 가능"
"502","해운대달맞이온천축제","해운대구","35.1588","129.16136","해운대달맞이온천축제","보름달이 뜨는 밤엔 해운대달맞이온천축제","-","해운대달맞이온천축제","부산광역시 해운대구 해운대해변로 264","-","051-749-4061(해운대구청 관광문화과)","http://www.haeundae.go.kr/tour/index.do","도시철도 2호선 해운대역 5번 출구 도보 11분버스 139, 307, 1003 해운대해수욕장 하차주차 해운대해수욕장 공영주차장","매년 정월대보름","-","무료","https://www.visitbusan.net/uploadImgs/files/cntnts/20200102125938297_ttiel","https://www.visitbusan.net/uploadImgs/files/cntnts/20200102125938297_thumbL","매년 정월대보름날이면 경이로운 월출을 맞이하는 해운대달맞이온천축제가 열린다.길놀이를 시작으로 창과 무용이 어우러진 축하공연을 보며 축제의 분위기가 한껏 고조된다.보름달이 떠오르는 시간에 맞춰 축제의 하이라이트, 달집태우기가 시작된다. 달집 속에는 시민들의 한해 소망을 담은 소원지가 가득하다. 모두의 목소리가 합쳐진 우렁찬 카운트다운과 함께 달집은 타오르고 풍물패가 흥겨움을 더한다. 활활 타오르는 달집을 바라보며 두 손 가득 간절한 소원을 빌어본다.**축제 취소 안내**신종 코로나바이러스(코로나19) 감염 확산 방지를 위해 해운대 달맞이 온천 축제는 취소되었음을 알려드립니다.(재개 시 별도 안내)","-"
"503","해운대북극곰축제","해운대구","35.158566","129.1598","해운대북극곰축제","한겨울의 짜릿함 해운대북극곰축제","-","해운대해수욕장","부산광역시 해운대구 해운대해변로 264","-","070-5154-9944~5(부산일보사)","http://bear.busan.com/","도시철도 2호선 해운대역 5번 출구 도보 11분버스 139, 307, 1003 해운대해수욕장 하차주차 해운대해수욕장 공영주차장","매년 1월","-","1인 20,000원","https://www.visitbusan.net/uploadImgs/files/cntnts/20200102133625014_ttiel","https://www.visitbusan.net/uploadImgs/files/cntnts/20200102133625014_thumbL","영하의 날씨에도 두려움 없이 바다로 뛰어드는 용감한 사람들을 위한 이색스포츠체험. 해운대북극곰축제가 왔다!여러 가지 부대행사와 더불어 인기 가수들의 공연도 이어진다. 열기가 후끈 달아오른 축제 현장은 해운대의 겨울 한파를 녹이기에 충분하다.출발 소리에 맞춰 일제히 바다로 뛰어든다. 즐거움이 가득한 얼굴은 추위에 아랑곳하지 않는 진정한 북극곰의 모습을 보여준다.우리가 해냈어! 겨울 바다와의 싸움에서 이겨낸 참가자들의 용기에 아낌없는 박수를 보낸다.","-"
"523","조선통신사축제","중구","35.10072","129.03273","조선통신사축제","한?일 양국에 피어나는 봄꽃, 조선통신사축제","-","조선통신사축제","부산광역시 중구 용두산길 37-55 용두산 공원","-","051-744-7707(부산문화재단)","http://www.tongsinsa.com/","도시철도 1호선 남포역 7번 출구 도보 7분버스 134, 26, 30, 7, 71, 9, 103, 11, 113, 126, 15 남포동 하차 도보 10분","-","매년 5월 초","무료","https://www.visitbusan.net/uploadImgs/files/cntnts/20200110115509318_ttiel","https://www.visitbusan.net/uploadImgs/files/cntnts/20200110115509318_thumbL","추위가 가신 완연한 부산의 봄날, 용두산 공원은 조선통신사축제 행렬재현으로 분주하다. 조선통신사는 조선시대 일본으로 파견된 대규모 평화사절단으로, 국서를 받들고 가는 관료 이외에도 일본은 의사나 화가, 기예단원 등의 파견을 요청했다고 한다. 일본의 문화예술을 비롯한 각 분야에 큰 영향을 끼친 조선통신사 기록물은 유네스코 세계기록유산으로 한일공동 등재되었다. 눈앞에 펼쳐지는 조선통신사 행렬이 더욱 큰 의미로 다가온다.**축제 연기 안내**신종 코로나바이러스(코로나19) 감염 확산 방지를 위해 축제는 연기되었음을 알려드립니다.(재개 시 별도 안내)","휠체어접근 가능"
"524","부산국제영화제","해운대구","35.171078","129.12697","부산국제영화제","영화로 물드는 부산의 10월, 부산국제영화제","부산의 ‘영화나라’ 속으로 오지 않을 이유가 있을까?","부산국제영화제","부산광역시 해운대구 수영강변대로 120(영화의 전당)","-","1688-3010","http://www.biff.kr","영화의 전당도시철도 2호선 센텀시티역 12번 출구 도보 12분버스 115, 181, 307,해운대구3-1, 해운대구3-2 시청자미디어센터 하차","-","매년 10월프로그램 별 상이(홈페이지 참조)","일반상영작 7,000원, 행사 및 체험 무료(일부 체험 유료)","https://www.visitbusan.net/uploadImgs/files/cntnts/20200110131702589_ttiel","https://www.visitbusan.net/uploadImgs/files/cntnts/20200110131702589_thumbL","10월이 되면 부산은 또 하나의 바다에 빠져들게 된다. 바로 영화의 바다, 아시아 최고의 국제영화제 부산국제영화제가 바로 그것이다.아시아를 대표하는 영화제로 자리 잡은 부산국제영화제는 센텀시티 영화의 전당과 남포동 BIFF광장을 중심으로 치러진다. 센텀시티의 메인행사는 전 세계에서 출품된 다양한 영화, 부산국제영화제를 위해 태어난 전용상영관 영화의 전당, 편리한 교통 등의 이점을 살려 ‘깔끔하고 화려한’ 느낌을 준다. 남포동의 BIFF광장에서는 시민과 영화인이 함께 만들어가는 ‘커뮤니티 비프’ 프로그램을 운영한다. 커뮤니티 비프는 영화제 초기, 영화 상영이 끝난 후 영화인과 관객이 소주 한 잔 나누며 어울리던 ‘친근하고 끈끈한’ 느낌을 살려냈다.영화제의 꽃 하면 역시 레드카펫 아니겠는가. 센텀시티 영화의 전당에서는 가을밤바람과 함께 아시아는 물론 세계적인 영화인들이 수놓는 레드카펫 행사가 진행된다. 웅장한 영화의 전당 야외상영관을 빼곡하게 채운 관객들과 함께 영화 속 주인공들을 맞이하며 막을 올리는 개막식은 야외상영관의 거대한 스크린과 천장에서 쏟아지는 다채로운 불빛 속에서 그 화려함을 더한다. 영화인을 눈앞에서 만나 이야기를 직접 들어볼 수 있는 오픈토크, 야외무대인사 등 영화제 내내 센텀시티는 북적북적 기분 좋은 활력이 넘치고, 곳곳에서 영화에만 흠뻑 젖을 수 있는 기회가 가득하다. 영화의 전당을 거닐다 사람들이 몰려있다면 그곳으로 가자. 꼭 만나보고 싶었던 영화인이 내 눈 앞에 서있을 것이다.‘커뮤니티 비프’ 프로그램으로 다시 영화제의 무대로 돌아온 남포동 BIFF광장은 영화의 전당과는 또 다른 활력이 넘실거린다. ‘관객이 직접 만드는 영화제 안의 영화제’라는 슬로건에 걸맞게 관객이 직접 상영작을 선정해 함께 보는 ‘리퀘스트 시네마’, 다함께 영화 주제곡을 ‘떼창’ 하고 심야시간 술과 함께 영화를 즐기는 ‘리액션 시네마’ 등 BIFF광장은 모두 함께 영화제를 완성하는 즐거운 놀이터가 된다.부산의 10월은 부산국제영화제로 시작된다. 평소에 접할 수 없었던 다양한 나라의 영화도 만나고영화인들에게서 직접 듣는 진솔한 이야기 속에서 영화의 감동을 한층 더 느낄 수 있다. 또한 영화관에서는 할 수 없었던 색다른 형태의 영화 관람이 가능하다. 이렇듯 부산국제영화제를 즐기는 색깔은 너무나 다양하다. 열흘의 시간동안 펼쳐지는 부산의 ‘영화나라’ 속으로 오지 않을 이유가 있을까?**2020 부산국제영화제 관람안내기간: 2020년 10월 21일(수)~30일(금)2020년 제25회 부산국제영화제는 코로나19로 인해 개,폐막식을 비롯한 각종 행사와 해외초청이 전면 취소되었습니다. 상영관 전 좌석은 온라인 예매를 통해 판매되며, 현장 판매와 매표소는 운영되지 않음을 알려드립니다 (상세내용 홈페이지 참조).","장애인 화장실, 장애인전용 엘리베이터, 장애인 주차구역, 휠체어접근 가능, 시각장애인 편의서비스, 수유실"
"531","감천문화마을골목축제","사하구","35.095776","129.00931","감천문화마을 골목축제","미로 골목길 투어 감천문화마을 골목축제","감천문화마을 골목축제","감천문화마을 골목축제","부산광역시 사하구 감내2로 203","-","051-204-1444","https://www.gamcheon.or.kr/","도시철도1호선 토성역 6번 출구 → 마을버스 환승 사하1-1, 서구2, 서구2-2 → 감정초등학교 하차 도보 5분주차 감천2공영주차장","-","매년 4월 말","무료","https://www.visitbusan.net/uploadImgs/files/cntnts/20200110160422867_ttiel","https://www.visitbusan.net/uploadImgs/files/cntnts/20200110160422867_thumbL","감천골에 흥이 넘쳐난다. 마을 주민들이 잔치를 준비하고 손님을 초대하니 감천문화마을 골목축제로 놀러가자. 전쟁의 상흔을 가진 마을에 예술이 깃들며 보존과 재생의 성공적 아이콘으로 재탄생했다. 평소에는 스탬프 지도를 따라가며 도장 모으는 재미가 가득했던 개별 마을투어였다면, 축제기간 동안에는 골목별 다양한 어울림 프로그램도 함께 배치해 골목투어를 하는 관광객과 주민이 한데 어우러지는 즐겁고 색다른 경험을 할 수 있다.**코로나 19의 영향으로 잠정연기되었음을 알려드립니다.","-"
"807","부산푸드필름페스타(한, 영)","해운대구","35.17107","129.12698","부산푸드필름페스타","부산푸드필름페스타","온 가족이 함께 하는 맛있는 영화 축제","부산푸드필름페스타","부산광역시 해운대구 수영강변대로 120","-","051-780-6000","http://www.dureraum.org","도시철도 2호선 센텀시티역 6번 출구 도보 5분버스 115, 181, 307, 해운대구3-1, 해운대구3-2 시청자미디어센터?KNN방송국 하차 도보 8분","-","2020. 7.3. ~ 7. 5.프로그램별 상이(홈페이지 참조)","프로그램별 상이(홈페이지 참조)","https://www.visitbusan.net/uploadImgs/files/cntnts/20200701210502556_ttiel","https://www.visitbusan.net/uploadImgs/files/cntnts/20200701210502556_thumbL","부산푸드필름페스타는 ‘영화’와 ‘음식’을 매개로 다양한 푸드콘텐츠를 즐길 수 있는 음식영화 축제의 장입니다.섹션 별로 나누어진 다양한 영화상영 프로그램을 즐기고 전문가와 함께 영화 속 음식이야기를 나눕니다. 포트럭테이블을 비롯하여, 푸드테라피존, 수제맥주존, 푸드트럭존, 플리마켓 등 풍성한 야외 부대행사도 진행됩니다.영화 속 음식이 궁금하세요? 부산 로컬 음식을 맛보고 싶으신가요? 그렇다면 이번 이색영화축제를 놓치지 말아야죠.^^영화를 맛있게 감상하는 방법, 부산푸드필름페스타로 오세요!","장애인 전용 관람석, 점자블록, 엘리베이터, 장애인 주차구역, 휠체어접근 가능, 장애인 화장실"
"1062","BOF","해운대구","35.102146","129.03737","BOF","세계 최고의 케이팝 콘서트, 부산원아시아페스티벌","부산이 가지고 있는 다양한 문화콘텐츠와 한류콘텐츠를 연계해 부산과 세계의 젊은이들이 함께하는 아시아 대표 문화콘텐츠를 표방합니다.","-","-","-","051-780-4144","http://bof.or.kr","BOF랜드: 부산광역시 중구 대교로 135 노티스","-","2021. 5. 6.(목)~5.9.(일), 프로그램별 상이(홈페이지 참조)","무료","https://www.visitbusan.net/uploadImgs/files/cntnts/20210409082940162_ttiel","https://www.visitbusan.net/uploadImgs/files/cntnts/20210409082940162_thumbL","<p class=""font-size28 colorDarkBlue medium"">K팝 콘서트</p>2021 BOF의 꽃, 대한민국 대표 아이돌들과 함께하는 랜선 K-POP 콘서트!장       소: 온라인(비대면 개최) 일       시: 2021. 05. 08.(토) 19:00 ~ 21:00이용요금: 무료시청방법: Vlive,  BOF 공식 유튜브 라  인 업: 순차적으로 발표예정 ※ 본 출연진은 변동될 수 있습니다.1차: NCT Dream, 더보이즈, 위아이2차: 슈퍼주니어, 마마무, 펜타곤 <p class=""font-size28 colorDarkBlue medium"">파크 콘서트</p>랜선콘서트로 코로나 19를 극복하고 마음은 가까이! 세대를 아우르는 대한민국 대표 아티스트들의 향연!장       소: 온라인(비대면 개최) 일       시: 2021. 05. 09.(일) 19:00 ~ 21:00이용요금: 무료시청방법: Vlive,  BOF 공식 유튜브, 캐내네 뮤직 유튜브 라  인  업: B1A4, 김범수, 폴킴, 제시, 픽보이, 거미 ※ 본 출연진은 변동될 수 있습니다.<p class=""font-size28 colorDarkBlue medium"">BOF 랜드</p>BOF최초 랜선으로 떠나는 새로운 페스티벌, BOF랜드 라이브 스튜디오!장        소: 온·오프라인 개최(중구 노티스 1950)일        시: 2021. 05. 09.(일) 19:00 ~ 21:00이용요금: 무료시청방법: BOF 공식 유튜브, 셀럽 공식 계정 유튜브라  인  업: 추후 발표 예정        *2019 BOF 팬미팅 프로그램  현장사진*2019 BOF 팬미팅 프로그램  현장사진","-"
